SECTOR,FECHA,VAR_MENSUAL
Agropecuario,2008-01-01,9.26205279236
Agropecuario,2008-02-01,3.68296083682
Agropecuario,2008-03-01,3.98694195901
Agropecuario,2008-04-01,9.048186596
Agropecuario,2008-05-01,4.99128381951
Agropecuario,2008-06-01,13.3434801066
Agropecuario,2008-07-01,12.49252134982
Agropecuario,2008-08-01,10.45421373734
Agropecuario,2008-09-01,6.52337915922
Agropecuario,2008-10-01,7.42753857668
Agropecuario,2008-11-01,7.13446796257
Agropecuario,2008-12-01,6.21348245336
Agropecuario,2009-01-01,-4.05188519022
Agropecuario,2009-02-01,4.4050747226
Agropecuario,2009-03-01,5.72143259308
Agropecuario,2009-04-01,1.36445499437
Agropecuario,2009-05-01,5.33545061438
Agropecuario,2009-06-01,-7.93462698121
Agropecuario,2009-07-01,-0.06371296002
Agropecuario,2009-08-01,2.18145371224
Agropecuario,2009-09-01,1.48653065036
Agropecuario,2009-10-01,0.88009876837
Agropecuario,2009-11-01,2.8917160171
Agropecuario,2009-12-01,0.50115857467
Agropecuario,2010-01-01,8.73466473727
Agropecuario,2010-02-01,0.54452133927
Agropecuario,2010-03-01,4.11855271052
Agropecuario,2010-04-01,5.40278995704
Agropecuario,2010-05-01,-0.03737926555
Agropecuario,2010-06-01,4.63339900513
Agropecuario,2010-07-01,3.78422251746
Agropecuario,2010-08-01,-0.44932297651
Agropecuario,2010-09-01,3.67413553811
Agropecuario,2010-10-01,5.16672802228
Agropecuario,2010-11-01,6.78202651256
Agropecuario,2010-12-01,10.85841233588
Agropecuario,2011-01-01,7.13630678319
Agropecuario,2011-02-01,6.4710627629
Agropecuario,2011-03-01,0.33110532619
Agropecuario,2011-04-01,6.3136532425
Agropecuario,2011-05-01,-0.29342879426
Agropecuario,2011-06-01,2.10587820201
Agropecuario,2011-07-01,12.29147415329
Agropecuario,2011-08-01,6.0746947259
Agropecuario,2011-09-01,2.44360491629
Agropecuario,2011-10-01,5.27569927699
Agropecuario,2011-11-01,5.30052646383
Agropecuario,2011-12-01,-3.56312972395
Agropecuario,2012-01-01,4.76124753245
Agropecuario,2012-02-01,4.27327138162
Agropecuario,2012-03-01,3.80748743967
Agropecuario,2012-04-01,-0.35853237474
Agropecuario,2012-05-01,14.21060808405
Agropecuario,2012-06-01,13.72500159192
Agropecuario,2012-07-01,2.1010814059
Agropecuario,2012-08-01,5.18539292131
Agropecuario,2012-09-01,5.36031650517
Agropecuario,2012-10-01,5.48380526082
Agropecuario,2012-11-01,2.01701136548
Agropecuario,2012-12-01,12.48966356794
Agropecuario,2013-01-01,4.8746423836
Agropecuario,2013-02-01,4.91341846345
Agropecuario,2013-03-01,6.01508672053
Agropecuario,2013-04-01,-1.25679082732
Agropecuario,2013-05-01,-3.62441305635
Agropecuario,2013-06-01,-0.41124121535
Agropecuario,2013-07-01,-3.43585704449
Agropecuario,2013-08-01,-0.8035813041
Agropecuario,2013-09-01,2.18907606076
Agropecuario,2013-10-01,4.69520848109
Agropecuario,2013-11-01,6.26027378258
Agropecuario,2013-12-01,0.75311190752
Agropecuario,2014-01-01,2.0074139937
Agropecuario,2014-02-01,-1.44212405833
Agropecuario,2014-03-01,1.11466472411
Agropecuario,2014-04-01,5.40671406946
Agropecuario,2014-05-01,0.37545924857
Agropecuario,2014-06-01,-3.23008786535
Agropecuario,2014-07-01,1.89263823062
Agropecuario,2014-08-01,4.8830813976
Agropecuario,2014-09-01,1.73981502628
Agropecuario,2014-10-01,-0.63606688873
Agropecuario,2014-11-01,3.43725641752
Agropecuario,2014-12-01,1.86458974855
Agropecuario,2015-01-01,-2.10732893346
Agropecuario,2015-02-01,2.89219056602
Agropecuario,2015-03-01,1.95415231137
Agropecuario,2015-04-01,-0.78084826184
Agropecuario,2015-05-01,3.28994316064
Agropecuario,2015-06-01,8.27537242875
Agropecuario,2015-07-01,5.92789753517
Agropecuario,2015-08-01,1.7020905163
Agropecuario,2015-09-01,4.96362389806
Agropecuario,2015-10-01,5.45158684402
Agropecuario,2015-11-01,0.99230399104
Agropecuario,2015-12-01,3.33124005315
Agropecuario,2016-01-01,6.65168598978
Agropecuario,2016-02-01,1.90788880311
Agropecuario,2016-03-01,-0.20551791593
Agropecuario,2016-04-01,3.80291353851
Agropecuario,2016-05-01,1.02534644739
Agropecuario,2016-06-01,0.49609718754
Agropecuario,2016-07-01,-1.07370516087
Agropecuario,2016-08-01,6.21824855829
Agropecuario,2016-09-01,3.30533774663
Agropecuario,2016-10-01,4.45281499988
Agropecuario,2016-11-01,5.77936532318
Agropecuario,2016-12-01,2.40620315561
Agropecuario,2017-01-01,1.82007460369
Agropecuario,2017-02-01,-1.16113051586
Agropecuario,2017-03-01,-1.64924792684
Agropecuario,2017-04-01,-0.82606088358
Agropecuario,2017-05-01,-3.76168237647
Agropecuario,2017-06-01,6.08043746316
Agropecuario,2017-07-01,12.16527172453
Agropecuario,2017-08-01,1.46504380111
Agropecuario,2017-09-01,4.93306575719
Agropecuario,2017-10-01,0.3914869311
Agropecuario,2017-11-01,0.49721929335
Agropecuario,2017-12-01,11.92370157606
Agropecuario,2018-01-01,4.79848060691
Agropecuario,2018-02-01,5.90314051355
Agropecuario,2018-03-01,10.0373605097
Agropecuario,2018-04-01,12.09689290957
Agropecuario,2018-05-01,16.42119487884
Agropecuario,2018-06-01,4.9536174061
Agropecuario,2018-07-01,4.24295023236
Agropecuario,2018-08-01,8.09829173269
Agropecuario,2018-09-01,6.95303389902
Agropecuario,2018-10-01,7.54144602734
Agropecuario,2018-11-01,4.77855837508
Agropecuario,2018-12-01,2.44393131994
Agropecuario,2019-01-01,3.28116902675
Agropecuario,2019-02-01,4.41370178438
Agropecuario,2019-03-01,5.1607177454
Agropecuario,2019-04-01,3.72030692808
Agropecuario,2019-05-01,1.57380935528
Agropecuario,2019-06-01,0.21091987539
Agropecuario,2019-07-01,-1.72242169461
Agropecuario,2019-08-01,3.73623727029
Agropecuario,2019-09-01,3.35883662977
Agropecuario,2019-10-01,7.39607003696
Agropecuario,2019-11-01,4.66622848803
Agropecuario,2019-12-01,2.17337855599
Agropecuario,2020-01-01,4.09272342536
Agropecuario,2020-02-01,5.42983798187
Agropecuario,2020-03-01,1.20425577632
Agropecuario,2020-04-01,2.1965624109
Agropecuario,2020-05-01,3.76090933895
Agropecuario,2020-06-01,-1.9012706085
Agropecuario,2020-07-01,-5.30959300412
Agropecuario,2020-08-01,-2.95561120461
Agropecuario,2020-09-01,2.90053371445
Agropecuario,2020-10-01,2.23155059826
Agropecuario,2020-11-01,1.19456394352
Agropecuario,2020-12-01,-2.30335541221
Agropecuario,2021-01-01,2.22288673885
Agropecuario,2021-02-01,1.0002425006
Agropecuario,2021-03-01,0.04902780004
Agropecuario,2021-04-01,-2.87835239542
Agropecuario,2021-05-01,-3.95120767076
Agropecuario,2021-06-01,12.86345838809
Agropecuario,2021-07-01,13.15457734428
Agropecuario,2021-08-01,8.55811841482
Agropecuario,2021-09-01,13.39447704314
Agropecuario,2021-10-01,6.8897295157
Agropecuario,2021-11-01,3.38033527502
Agropecuario,2021-12-01,10.69445157903
Agropecuario,2022-01-01,6.4597425368
Agropecuario,2022-02-01,3.31657104157
Agropecuario,2022-03-01,4.86731056206
Agropecuario,2022-04-01,7.64340763959
Agropecuario,2022-05-01,8.29472920718
Agropecuario,2022-06-01,-0.68510914199
Agropecuario,2022-07-01,4.70896960529
Agropecuario,2022-08-01,7.23843096823
Agropecuario,2022-09-01,4.08065222789
Agropecuario,2022-10-01,5.77903023041
Agropecuario,2022-11-01,2.83570371313
Agropecuario,2022-12-01,0.03153235338
Agropecuario,2023-01-01,2.75642286965
Agropecuario,2023-02-01,1.91778615066
Agropecuario,2023-03-01,0.35055112146
Agropecuario,2023-04-01,-11.24449662916
Agropecuario,2023-05-01,-4.50998406577
Agropecuario,2023-06-01,-2.45587157893
Agropecuario,2023-07-01,-0.73024163199
Agropecuario,2023-08-01,-2.21966128467
Agropecuario,2023-09-01,-7.80508630502
Agropecuario,2023-10-01,-5.20030600865
Agropecuario,2023-11-01,3.02080098575
Agropecuario,2023-12-01,0.93464947671
Agropecuario,2024-01-01,-0.91690880387
Agropecuario,2024-02-01,-1.61598020325
Agropecuario,2024-03-01,1.36863770743
Agropecuario,2024-04-01,22.52575383136
Agropecuario,2024-05-01,8.33701270105
Agropecuario,2024-06-01,-0.92512003865
Agropecuario,2024-07-01,-3.77651954051
Agropecuario,2024-08-01,-1.55173152716
Agropecuario,2024-09-01,2.4705895566
Agropecuario,2024-10-01,15.61997957119
Agropecuario,2024-11-01,13.82392469056
Agropecuario,2024-12-01,7.89157864178
Agropecuario,2025-01-01,4.34767802306
Agropecuario,2025-02-01,6.3702765978
Agropecuario,2025-03-01,4.05319306594
Agropecuario,2025-04-01,-6.66050594035
Agropecuario,2025-05-01,5.08349289636
Agropecuario,2025-06-01,12.88803395529
Agropecuario,2025-07-01,10.9722281935
Agropecuario,2025-08-01,12.80533313464
Agropecuario,2025-09-01,15.19677192533
Agropecuario,2025-10-01,2.60037675121
Agropecuario,2025-11-01,-0.78572225163
Agropecuario,2025-12-01,4.34335078359
Agropecuario,2026-01-01,3.9060970197
Agropecuario,2026-02-01,1.11993305489
Agropecuario,2026-03-01,-0.48167341491
Pesca,2008-01-01,13.9513803049
Pesca,2008-02-01,5.20148686323
Pesca,2008-03-01,12.94130351714
Pesca,2008-04-01,57.03130404352
Pesca,2008-05-01,-37.00920960183
Pesca,2008-06-01,2.33572260376
Pesca,2008-07-01,-2.49721871186
Pesca,2008-08-01,12.11435931229
Pesca,2008-09-01,19.85489420112
Pesca,2008-10-01,21.24278726458
Pesca,2008-11-01,-10.55029197405
Pesca,2008-12-01,15.95604085188
Pesca,2009-01-01,-13.46543245589
Pesca,2009-02-01,-14.09975346712
Pesca,2009-03-01,-40.3174439729
Pesca,2009-04-01,-30.62818406555
Pesca,2009-05-01,96.07877747691
Pesca,2009-06-01,-29.84326750985
Pesca,2009-07-01,2.07707901762
Pesca,2009-08-01,1.48274802634
Pesca,2009-09-01,2.6994868744
Pesca,2009-10-01,-6.36573375047
Pesca,2009-11-01,0.19879960123
Pesca,2009-12-01,-14.23980975306
Pesca,2010-01-01,12.87055748864
Pesca,2010-02-01,-8.97549757406
Pesca,2010-03-01,17.43791977325
Pesca,2010-04-01,-71.98274251989
Pesca,2010-05-01,-38.74682290839
Pesca,2010-06-01,26.67252498819
Pesca,2010-07-01,30.78267097866
Pesca,2010-08-01,-16.37861815693
Pesca,2010-09-01,10.23461259957
Pesca,2010-10-01,-8.40202794226
Pesca,2010-11-01,-57.09021308132
Pesca,2010-12-01,-54.84995637677
Pesca,2011-01-01,44.51190372021
Pesca,2011-02-01,52.63947087339
Pesca,2011-03-01,51.86630987985
Pesca,2011-04-01,531.5325644957
Pesca,2011-05-01,4.75358113327
Pesca,2011-06-01,-28.46865898791
Pesca,2011-07-01,47.95993726714
Pesca,2011-08-01,61.98841455736
Pesca,2011-09-01,28.66902268876
Pesca,2011-10-01,35.82333389668
Pesca,2011-11-01,37.62460391933
Pesca,2011-12-01,259.67119799274
Pesca,2012-01-01,-29.43497114538
Pesca,2012-02-01,-34.85419386094
Pesca,2012-03-01,-39.46835635464
Pesca,2012-04-01,-75.39715546961
Pesca,2012-05-01,-6.60979155411
Pesca,2012-06-01,18.62799967531
Pesca,2012-07-01,4.84442649797
Pesca,2012-08-01,-32.35122633809
Pesca,2012-09-01,-15.510675012
Pesca,2012-10-01,-8.76710908337
Pesca,2012-11-01,-58.18902267304
Pesca,2012-12-01,-63.7479045844
Pesca,2013-01-01,16.66787677969
Pesca,2013-02-01,3.92063705188
Pesca,2013-03-01,2.70998379032
Pesca,2013-04-01,-16.40824101803
Pesca,2013-05-01,-22.55609537812
Pesca,2013-06-01,5.59154965084
Pesca,2013-07-01,-18.33791576177
Pesca,2013-08-01,49.75005745806
Pesca,2013-09-01,27.19098951032
Pesca,2013-10-01,23.2369153833
Pesca,2013-11-01,288.71019202363
Pesca,2013-12-01,87.38396672947
Pesca,2014-01-01,-18.35046647016
Pesca,2014-02-01,15.18729439359
Pesca,2014-03-01,-3.10304970214
Pesca,2014-04-01,55.29938306456
Pesca,2014-05-01,-11.83659318753
Pesca,2014-06-01,-31.4203857501
Pesca,2014-07-01,4.75881674789
Pesca,2014-08-01,-28.02110311751
Pesca,2014-09-01,-35.81825782913
Pesca,2014-10-01,-15.68938485659
Pesca,2014-11-01,-70.89674293045
Pesca,2014-12-01,-65.6791728104
Pesca,2015-01-01,-22.62711512078
Pesca,2015-02-01,-10.17618940793
Pesca,2015-03-01,20.52326114883
Pesca,2015-04-01,150.37676484586
Pesca,2015-05-01,26.83416661985
Pesca,2015-06-01,-27.5448595528
Pesca,2015-07-01,-35.83590218159
Pesca,2015-08-01,-8.29179882193
Pesca,2015-09-01,5.51591413768
Pesca,2015-10-01,-7.56743748496
Pesca,2015-11-01,49.86107339085
Pesca,2015-12-01,82.2711885601
Pesca,2016-01-01,38.88127669864
Pesca,2016-02-01,-20.34215784216
Pesca,2016-03-01,-20.80379150528
Pesca,2016-04-01,-77.72406874522
Pesca,2016-05-01,-67.90387291323
Pesca,2016-06-01,-3.10734657176
Pesca,2016-07-01,98.43690616564
Pesca,2016-08-01,62.6642059986
Pesca,2016-09-01,19.60126830911
Pesca,2016-10-01,3.26035502959
Pesca,2016-11-01,24.31901190509
Pesca,2016-12-01,43.50538298321
Pesca,2017-01-01,47.60799334533
Pesca,2017-02-01,37.22551159453
Pesca,2017-03-01,45.68537678599
Pesca,2017-04-01,114.88996077223
Pesca,2017-05-01,308.47410848791
Pesca,2017-06-01,63.15599319921
Pesca,2017-07-01,-45.97701713893
Pesca,2017-08-01,-36.9335084287
Pesca,2017-09-01,-26.52761974028
Pesca,2017-10-01,-9.20634920635
Pesca,2017-11-01,-44.40339093284
Pesca,2017-12-01,-66.6716749189
Pesca,2018-01-01,13.7045725594
Pesca,2018-02-01,14.07945727919
Pesca,2018-03-01,2.543819854
Pesca,2018-04-01,81.51134445903
Pesca,2018-05-01,22.21618501992
Pesca,2018-06-01,-11.63383425021
Pesca,2018-07-01,-15.33175161581
Pesca,2018-08-01,26.1870360927
Pesca,2018-09-01,34.48980569348
Pesca,2018-10-01,32.6424478049
Pesca,2018-11-01,192.46578796099
Pesca,2018-12-01,229.16743509354
Pesca,2019-01-01,-23.54272322115
Pesca,2019-02-01,1.099222764
Pesca,2019-03-01,-4.16267827122
Pesca,2019-04-01,-58.75091152163
Pesca,2019-05-01,-21.53677110832
Pesca,2019-06-01,23.60736449535
Pesca,2019-07-01,67.29904123855
Pesca,2019-08-01,17.10651863992
Pesca,2019-09-01,17.3752003324
Pesca,2019-10-01,12.78049523229
Pesca,2019-11-01,-9.65235921272
Pesca,2019-12-01,-43.31474068863
Pesca,2020-01-01,-30.78998809063
Pesca,2020-02-01,10.6029898054
Pesca,2020-03-01,-18.57080507621
Pesca,2020-04-01,-53.58539765319
Pesca,2020-05-01,-45.41531253028
Pesca,2020-06-01,46.61514855185
Pesca,2020-07-01,24.91272204538
Pesca,2020-08-01,1.13398899561
Pesca,2020-09-01,7.60789311325
Pesca,2020-10-01,7.35452949912
Pesca,2020-11-01,-1.74529328026
Pesca,2020-12-01,110.91398292288
Pesca,2021-01-01,78.99586146809
Pesca,2021-02-01,21.70127168267
Pesca,2021-03-01,53.60448576553
Pesca,2021-04-01,152.4884149051
Pesca,2021-05-01,103.66432167291
Pesca,2021-06-01,-34.39380958062
Pesca,2021-07-01,-34.75010788927
Pesca,2021-08-01,-19.79527036633
Pesca,2021-09-01,-26.23104903518
Pesca,2021-10-01,-25.29160247744
Pesca,2021-11-01,18.13739580339
Pesca,2021-12-01,-10.24873342254
Pesca,2022-01-01,-26.27661430003
Pesca,2022-02-01,-18.74632069918
Pesca,2022-03-01,-23.80623255315
Pesca,2022-04-01,-33.08086839558
Pesca,2022-05-01,-16.34646617494
Pesca,2022-06-01,17.72628464215
Pesca,2022-07-01,35.05531278296
Pesca,2022-08-01,-2.21696998346
Pesca,2022-09-01,2.650187934
Pesca,2022-10-01,8.1115202525
Pesca,2022-11-01,-46.77221016637
Pesca,2022-12-01,-2.08011835006
Pesca,2023-01-01,22.84884264736
Pesca,2023-02-01,-0.08359689577
Pesca,2023-03-01,20.12910953174
Pesca,2023-04-01,-4.73292193825
Pesca,2023-05-01,-73.76866496196
Pesca,2023-06-01,-70.19802223494
Pesca,2023-07-01,-49.53913961067
Pesca,2023-08-01,40.46093976603
Pesca,2023-09-01,9.68410600137
Pesca,2023-10-01,48.27948618139
Pesca,2023-11-01,53.3433814945
Pesca,2023-12-01,-54.16759240333
Pesca,2024-01-01,-24.3524917256
Pesca,2024-02-01,-36.12176313918
Pesca,2024-03-01,-36.74405988138
Pesca,2024-04-01,143.41207556099
Pesca,2024-05-01,357.52951512161
Pesca,2024-06-01,53.61618921975
Pesca,2024-07-01,16.12057212838
Pesca,2024-08-01,-25.31512695422
Pesca,2024-09-01,-7.16670250207
Pesca,2024-10-01,-44.0389310372
Pesca,2024-11-01,17.95498765323
Pesca,2024-12-01,74.70138835027
Pesca,2025-01-01,21.22968532607
Pesca,2025-02-01,32.42048505752
Pesca,2025-03-01,29.92941830952
Pesca,2025-04-01,-25.58002009008
Pesca,2025-05-01,-5.13842309463
Pesca,2025-06-01,34.15124143113
Pesca,2025-07-01,30.81775398728
Pesca,2025-08-01,-14.08048294374
Pesca,2025-09-01,10.01901650535
Pesca,2025-10-01,28.8557388969
Pesca,2025-11-01,-16.29834537165
Pesca,2025-12-01,0.59158462546
Pesca,2026-01-01,-9.56325117331
Pesca,2026-02-01,-5.20025387196
Pesca,2026-03-01,-12.51215356757
Minería e Hidrocarburos,2008-01-01,2.67328196526
Minería e Hidrocarburos,2008-02-01,19.0731246816
Minería e Hidrocarburos,2008-03-01,4.26109484883
Minería e Hidrocarburos,2008-04-01,8.88496178639
Minería e Hidrocarburos,2008-05-01,8.4436621623
Minería e Hidrocarburos,2008-06-01,12.88469411623
Minería e Hidrocarburos,2008-07-01,7.28040869465
Minería e Hidrocarburos,2008-08-01,7.71744740844
Minería e Hidrocarburos,2008-09-01,5.70133925035
Minería e Hidrocarburos,2008-10-01,4.4184845541
Minería e Hidrocarburos,2008-11-01,14.29030678839
Minería e Hidrocarburos,2008-12-01,3.65702918172
Minería e Hidrocarburos,2009-01-01,16.39739670939
Minería e Hidrocarburos,2009-02-01,-3.31818588425
Minería e Hidrocarburos,2009-03-01,2.91430801971
Minería e Hidrocarburos,2009-04-01,1.62899165986
Minería e Hidrocarburos,2009-05-01,1.46711109611
Minería e Hidrocarburos,2009-06-01,-1.96410417732
Minería e Hidrocarburos,2009-07-01,-1.31988204784
Minería e Hidrocarburos,2009-08-01,1.82408579859
Minería e Hidrocarburos,2009-09-01,-0.88260298873
Minería e Hidrocarburos,2009-10-01,0.67360785012
Minería e Hidrocarburos,2009-11-01,-2.56983885415
Minería e Hidrocarburos,2009-12-01,-4.78462899307
Minería e Hidrocarburos,2010-01-01,-0.03116634454
Minería e Hidrocarburos,2010-02-01,3.57125013317
Minería e Hidrocarburos,2010-03-01,-1.10763738594
Minería e Hidrocarburos,2010-04-01,0.93065419626
Minería e Hidrocarburos,2010-05-01,0.56442103949
Minería e Hidrocarburos,2010-06-01,10.62188721883
Minería e Hidrocarburos,2010-07-01,2.97989121747
Minería e Hidrocarburos,2010-08-01,-3.53834124855
Minería e Hidrocarburos,2010-09-01,-0.92434085625
Minería e Hidrocarburos,2010-10-01,1.30180533121
Minería e Hidrocarburos,2010-11-01,-1.04320430876
Minería e Hidrocarburos,2010-12-01,4.03303001724
Minería e Hidrocarburos,2011-01-01,1.26165473012
Minería e Hidrocarburos,2011-02-01,-2.19833763622
Minería e Hidrocarburos,2011-03-01,4.21189297133
Minería e Hidrocarburos,2011-04-01,-5.10959448862
Minería e Hidrocarburos,2011-05-01,1.63331824485
Minería e Hidrocarburos,2011-06-01,-5.1079907608
Minería e Hidrocarburos,2011-07-01,-1.42180460427
Minería e Hidrocarburos,2011-08-01,2.82806853101
Minería e Hidrocarburos,2011-09-01,3.78136355217
Minería e Hidrocarburos,2011-10-01,-1.33220951169
Minería e Hidrocarburos,2011-11-01,0.82897318968
Minería e Hidrocarburos,2011-12-01,4.18911373003
Minería e Hidrocarburos,2012-01-01,-2.76848926287
Minería e Hidrocarburos,2012-02-01,2.99309512588
Minería e Hidrocarburos,2012-03-01,5.67886483649
Minería e Hidrocarburos,2012-04-01,4.95961790082
Minería e Hidrocarburos,2012-05-01,2.19313695117
Minería e Hidrocarburos,2012-06-01,3.2449629545
Minería e Hidrocarburos,2012-07-01,4.84323139807
Minería e Hidrocarburos,2012-08-01,1.58320337558
Minería e Hidrocarburos,2012-09-01,2.47813943618
Minería e Hidrocarburos,2012-10-01,-1.16208340536
Minería e Hidrocarburos,2012-11-01,-0.41795859952
Minería e Hidrocarburos,2012-12-01,-1.22781626803
Minería e Hidrocarburos,2013-01-01,-2.30832373335
Minería e Hidrocarburos,2013-02-01,0.05703824299
Minería e Hidrocarburos,2013-03-01,-1.3308122054
Minería e Hidrocarburos,2013-04-01,7.74095997397
Minería e Hidrocarburos,2013-05-01,5.04955771813
Minería e Hidrocarburos,2013-06-01,9.49902169286
Minería e Hidrocarburos,2013-07-01,6.84469244475
Minería e Hidrocarburos,2013-08-01,10.50855139103
Minería e Hidrocarburos,2013-09-01,2.21088222986
Minería e Hidrocarburos,2013-10-01,6.98721543368
Minería e Hidrocarburos,2013-11-01,8.26053464512
Minería e Hidrocarburos,2013-12-01,7.27372341987
Minería e Hidrocarburos,2014-01-01,5.37977102967
Minería e Hidrocarburos,2014-02-01,7.11021732073
Minería e Hidrocarburos,2014-03-01,0.98508809111
Minería e Hidrocarburos,2014-04-01,-5.43593710314
Minería e Hidrocarburos,2014-05-01,-2.75897966378
Minería e Hidrocarburos,2014-06-01,-6.84569831698
Minería e Hidrocarburos,2014-07-01,-2.86668083733
Minería e Hidrocarburos,2014-08-01,-4.82401071131
Minería e Hidrocarburos,2014-09-01,-3.89241417428
Minería e Hidrocarburos,2014-10-01,2.89665307578
Minería e Hidrocarburos,2014-11-01,-0.22381418193
Minería e Hidrocarburos,2014-12-01,-5.73338330067
Minería e Hidrocarburos,2015-01-01,5.4688429996
Minería e Hidrocarburos,2015-02-01,-2.2771545215
Minería e Hidrocarburos,2015-03-01,8.51138481059
Minería e Hidrocarburos,2015-04-01,9.02950207241
Minería e Hidrocarburos,2015-05-01,1.45262098983
Minería e Hidrocarburos,2015-06-01,10.8986610536
Minería e Hidrocarburos,2015-07-01,10.56694379734
Minería e Hidrocarburos,2015-08-01,5.56484588642
Minería e Hidrocarburos,2015-09-01,11.78863921569
Minería e Hidrocarburos,2015-10-01,9.14169415724
Minería e Hidrocarburos,2015-11-01,9.48914399165
Minería e Hidrocarburos,2015-12-01,20.25076804966
Minería e Hidrocarburos,2016-01-01,5.0420590853
Minería e Hidrocarburos,2016-02-01,19.65693702447
Minería e Hidrocarburos,2016-03-01,12.07161035433
Minería e Hidrocarburos,2016-04-01,18.07332850198
Minería e Hidrocarburos,2016-05-01,27.82591505285
Minería e Hidrocarburos,2016-06-01,11.25250013339
Minería e Hidrocarburos,2016-07-01,9.61189691798
Minería e Hidrocarburos,2016-08-01,14.78882087441
Minería e Hidrocarburos,2016-09-01,10.32077212097
Minería e Hidrocarburos,2016-10-01,11.83343925377
Minería e Hidrocarburos,2016-11-01,8.40067615357
Minería e Hidrocarburos,2016-12-01,2.92939721664
Minería e Hidrocarburos,2017-01-01,13.00526607586
Minería e Hidrocarburos,2017-02-01,0.36274426347
Minería e Hidrocarburos,2017-03-01,-3.24092888378
Minería e Hidrocarburos,2017-04-01,-0.10128406957
Minería e Hidrocarburos,2017-05-01,-0.35507960816
Minería e Hidrocarburos,2017-06-01,6.86213774961
Minería e Hidrocarburos,2017-07-01,3.00446049774
Minería e Hidrocarburos,2017-08-01,4.71822376689
Minería e Hidrocarburos,2017-09-01,8.48159847838
Minería e Hidrocarburos,2017-10-01,-0.17609114019
Minería e Hidrocarburos,2017-11-01,4.9268388521
Minería e Hidrocarburos,2017-12-01,6.85375965391
Minería e Hidrocarburos,2018-01-01,-1.09355349185
Minería e Hidrocarburos,2018-02-01,-2.18600592758
Minería e Hidrocarburos,2018-03-01,5.13007349348
Minería e Hidrocarburos,2018-04-01,0.91008855203
Minería e Hidrocarburos,2018-05-01,1.94133522377
Minería e Hidrocarburos,2018-06-01,-4.82325930497
Minería e Hidrocarburos,2018-07-01,-5.49681575926
Minería e Hidrocarburos,2018-08-01,-4.28928360622
Minería e Hidrocarburos,2018-09-01,0.32196484424
Minería e Hidrocarburos,2018-10-01,-2.82393688586
Minería e Hidrocarburos,2018-11-01,-3.06669447306
Minería e Hidrocarburos,2018-12-01,-1.62764600063
Minería e Hidrocarburos,2019-01-01,-1.50178768899
Minería e Hidrocarburos,2019-02-01,-0.74637456234
Minería e Hidrocarburos,2019-03-01,0.19462086923
Minería e Hidrocarburos,2019-04-01,-2.71158747475
Minería e Hidrocarburos,2019-05-01,-1.47506341626
Minería e Hidrocarburos,2019-06-01,-3.03401398698
Minería e Hidrocarburos,2019-07-01,0.11837196881
Minería e Hidrocarburos,2019-08-01,3.99369830082
Minería e Hidrocarburos,2019-09-01,-3.5324515451
Minería e Hidrocarburos,2019-10-01,0.48876767592
Minería e Hidrocarburos,2019-11-01,3.88057690535
Minería e Hidrocarburos,2019-12-01,1.28506366043
Minería e Hidrocarburos,2020-01-01,3.05730169101
Minería e Hidrocarburos,2020-02-01,2.70333142969
Minería e Hidrocarburos,2020-03-01,-22.28429715389
Minería e Hidrocarburos,2020-04-01,-42.53672949669
Minería e Hidrocarburos,2020-05-01,-45.98871444725
Minería e Hidrocarburos,2020-06-01,-14.82445301137
Minería e Hidrocarburos,2020-07-01,-6.57915861322
Minería e Hidrocarburos,2020-08-01,-11.71326695128
Minería e Hidrocarburos,2020-09-01,-12.74028500982
Minería e Hidrocarburos,2020-10-01,-3.00174820673
Minería e Hidrocarburos,2020-11-01,-4.9354513708
Minería e Hidrocarburos,2020-12-01,-3.85436617591
Minería e Hidrocarburos,2021-01-01,-8.25434083589
Minería e Hidrocarburos,2021-02-01,-3.96985230247
Minería e Hidrocarburos,2021-03-01,16.08884477387
Minería e Hidrocarburos,2021-04-01,58.88310727605
Minería e Hidrocarburos,2021-05-01,68.00957426175
Minería e Hidrocarburos,2021-06-01,8.53011126834
Minería e Hidrocarburos,2021-07-01,4.08722521625
Minería e Hidrocarburos,2021-08-01,6.13489101285
Minería e Hidrocarburos,2021-09-01,11.78053285497
Minería e Hidrocarburos,2021-10-01,2.15022878046
Minería e Hidrocarburos,2021-11-01,-4.6342744614
Minería e Hidrocarburos,2021-12-01,-4.91381954736
Minería e Hidrocarburos,2022-01-01,4.98068947011
Minería e Hidrocarburos,2022-02-01,0.39986289694
Minería e Hidrocarburos,2022-03-01,-0.51955472126
Minería e Hidrocarburos,2022-04-01,-0.46304837924
Minería e Hidrocarburos,2022-05-01,-5.74224908367
Minería e Hidrocarburos,2022-06-01,3.20302461716
Minería e Hidrocarburos,2022-07-01,-5.69336599489
Minería e Hidrocarburos,2022-08-01,-5.00050477201
Minería e Hidrocarburos,2022-09-01,-2.53465166042
Minería e Hidrocarburos,2022-10-01,1.9841943319
Minería e Hidrocarburos,2022-11-01,5.64475701956
Minería e Hidrocarburos,2022-12-01,8.75486854939
Minería e Hidrocarburos,2023-01-01,-0.47441923789
Minería e Hidrocarburos,2023-02-01,0.34063810021
Minería e Hidrocarburos,2023-03-01,9.25187874779
Minería e Hidrocarburos,2023-04-01,17.1351996338
Minería e Hidrocarburos,2023-05-01,17.14698839891
Minería e Hidrocarburos,2023-06-01,16.15302108022
Minería e Hidrocarburos,2023-07-01,11.43434103582
Minería e Hidrocarburos,2023-08-01,7.30123069882
Minería e Hidrocarburos,2023-09-01,9.41333020851
Minería e Hidrocarburos,2023-10-01,4.19659534043
Minería e Hidrocarburos,2023-11-01,8.33339320095
Minería e Hidrocarburos,2023-12-01,4.65849384717
Minería e Hidrocarburos,2024-01-01,6.06223584724
Minería e Hidrocarburos,2024-02-01,18.52391253177
Minería e Hidrocarburos,2024-03-01,4.3222994673
Minería e Hidrocarburos,2024-04-01,-2.69691402065
Minería e Hidrocarburos,2024-05-01,3.43502939071
Minería e Hidrocarburos,2024-06-01,-5.83535059048
Minería e Hidrocarburos,2024-07-01,4.83279149279
Minería e Hidrocarburos,2024-08-01,10.30607564098
Minería e Hidrocarburos,2024-09-01,2.83495166294
Minería e Hidrocarburos,2024-10-01,-0.40997229917
Minería e Hidrocarburos,2024-11-01,-0.36755014647
Minería e Hidrocarburos,2024-12-01,3.55989951844
Minería e Hidrocarburos,2025-01-01,2.81200881526
Minería e Hidrocarburos,2025-02-01,-0.42431518623
Minería e Hidrocarburos,2025-03-01,7.80671993092
Minería e Hidrocarburos,2025-04-01,8.94031543159
Minería e Hidrocarburos,2025-05-01,-7.05614711482
Minería e Hidrocarburos,2025-06-01,1.01218752444
Minería e Hidrocarburos,2025-07-01,2.26556131818
Minería e Hidrocarburos,2025-08-01,1.62261407453
Minería e Hidrocarburos,2025-09-01,2.57619351777
Minería e Hidrocarburos,2025-10-01,7.34275160725
Minería e Hidrocarburos,2025-11-01,-5.8398977646
Minería e Hidrocarburos,2025-12-01,-1.6145902255
Minería e Hidrocarburos,2026-01-01,3.31697131894
Minería e Hidrocarburos,2026-02-01,-1.11108122304
Minería e Hidrocarburos,2026-03-01,-4.55936714609
Manufactura,2008-01-01,9.27430473772
Manufactura,2008-02-01,18.29387780903
Manufactura,2008-03-01,10.42076890528
Manufactura,2008-04-01,20.07790367419
Manufactura,2008-05-01,4.50022743723
Manufactura,2008-06-01,10.16210996789
Manufactura,2008-07-01,9.58991558618
Manufactura,2008-08-01,4.82234457039
Manufactura,2008-09-01,10.91394491939
Manufactura,2008-10-01,6.32199642084
Manufactura,2008-11-01,-1.12118418441
Manufactura,2008-12-01,2.88526948494
Manufactura,2009-01-01,0.21902861172
Manufactura,2009-02-01,-5.19637892296
Manufactura,2009-03-01,-4.96371435985
Manufactura,2009-04-01,-14.11268592423
Manufactura,2009-05-01,-3.90752245832
Manufactura,2009-06-01,-13.52743190917
Manufactura,2009-07-01,-13.75579010763
Manufactura,2009-08-01,-6.95738359606
Manufactura,2009-09-01,-7.05789390977
Manufactura,2009-10-01,-6.82166598317
Manufactura,2009-11-01,-1.18708952268
Manufactura,2009-12-01,0.78332357794
Manufactura,2010-01-01,-2.32628133336
Manufactura,2010-02-01,2.61608629833
Manufactura,2010-03-01,11.00320373336
Manufactura,2010-04-01,10.47576643004
Manufactura,2010-05-01,8.63250671626
Manufactura,2010-06-01,18.66022409491
Manufactura,2010-07-01,17.39784764476
Manufactura,2010-08-01,13.31118776319
Manufactura,2010-09-01,12.34492913214
Manufactura,2010-10-01,14.38913549749
Manufactura,2010-11-01,10.75880708189
Manufactura,2010-12-01,5.31629950488
Manufactura,2011-01-01,14.5306323392
Manufactura,2011-02-01,11.48757730789
Manufactura,2011-03-01,11.22943555258
Manufactura,2011-04-01,14.02375201884
Manufactura,2011-05-01,5.87538595784
Manufactura,2011-06-01,3.23808944517
Manufactura,2011-07-01,9.18064978881
Manufactura,2011-08-01,11.18391755599
Manufactura,2011-09-01,5.88893824281
Manufactura,2011-10-01,1.64811023909
Manufactura,2011-11-01,2.87619288713
Manufactura,2011-12-01,11.26362674818
Manufactura,2012-01-01,3.07388015652
Manufactura,2012-02-01,4.22326534626
Manufactura,2012-03-01,-1.15496975324
Manufactura,2012-04-01,-5.52441404204
Manufactura,2012-05-01,0.99824277074
Manufactura,2012-06-01,1.70030020338
Manufactura,2012-07-01,2.98518145578
Manufactura,2012-08-01,2.95388432098
Manufactura,2012-09-01,3.26789512752
Manufactura,2012-10-01,5.66070615696
Manufactura,2012-11-01,2.28717239936
Manufactura,2012-12-01,-4.29167245613
Manufactura,2013-01-01,4.1389040642
Manufactura,2013-02-01,-0.95122078631
Manufactura,2013-03-01,-0.09341254787
Manufactura,2013-04-01,7.80901401705
Manufactura,2013-05-01,0.09435811752
Manufactura,2013-06-01,6.81705893412
Manufactura,2013-07-01,0.90124650604
Manufactura,2013-08-01,1.98563709733
Manufactura,2013-09-01,7.27414698221
Manufactura,2013-10-01,6.91422027727
Manufactura,2013-11-01,13.68322186613
Manufactura,2013-12-01,14.08354629451
Manufactura,2014-01-01,1.60468534555
Manufactura,2014-02-01,6.25139746922
Manufactura,2014-03-01,9.75679799244
Manufactura,2014-04-01,4.56919918119
Manufactura,2014-05-01,0.7733484145
Manufactura,2014-06-01,-6.52321181149
Manufactura,2014-07-01,-2.38944463839
Manufactura,2014-08-01,-0.40561577826
Manufactura,2014-09-01,0.16569764422
Manufactura,2014-10-01,-1.08994435507
Manufactura,2014-11-01,-11.97978902018
Manufactura,2014-12-01,-10.07618429722
Manufactura,2015-01-01,-5.36444518175
Manufactura,2015-02-01,-3.07889260047
Manufactura,2015-03-01,-3.45262342339
Manufactura,2015-04-01,6.58431907666
Manufactura,2015-05-01,-2.78141586334
Manufactura,2015-06-01,-1.97931627899
Manufactura,2015-07-01,-0.18173062676
Manufactura,2015-08-01,-1.53787063679
Manufactura,2015-09-01,-3.59563710535
Manufactura,2015-10-01,-2.73849302864
Manufactura,2015-11-01,2.08455250143
Manufactura,2015-12-01,5.82256715132
Manufactura,2016-01-01,-2.06535042012
Manufactura,2016-02-01,0.88709554927
Manufactura,2016-03-01,-3.57716310931
Manufactura,2016-04-01,-11.99772145637
Manufactura,2016-05-01,-7.8436950145
Manufactura,2016-06-01,0.26524710141
Manufactura,2016-07-01,2.24513432694
Manufactura,2016-08-01,4.45530425452
Manufactura,2016-09-01,4.20059611231
Manufactura,2016-10-01,-1.34336111725
Manufactura,2016-11-01,5.79487627862
Manufactura,2016-12-01,9.00899054525
Manufactura,2017-01-01,8.27399067218
Manufactura,2017-02-01,-1.209183121
Manufactura,2017-03-01,3.82038355833
Manufactura,2017-04-01,-1.20019996217
Manufactura,2017-05-01,13.76462262433
Manufactura,2017-06-01,4.24113619744
Manufactura,2017-07-01,-3.7382492373
Manufactura,2017-08-01,1.26479602187
Manufactura,2017-09-01,-0.65503896645
Manufactura,2017-10-01,3.49740473953
Manufactura,2017-11-01,-5.24617746532
Manufactura,2017-12-01,-12.19487356409
Manufactura,2018-01-01,-0.03693728659
Manufactura,2018-02-01,-0.28752256405
Manufactura,2018-03-01,1.71982258237
Manufactura,2018-04-01,20.87042524713
Manufactura,2018-05-01,10.41402208505
Manufactura,2018-06-01,1.26867925711
Manufactura,2018-07-01,1.88373980445
Manufactura,2018-08-01,1.73677787843
Manufactura,2018-09-01,1.31691465413
Manufactura,2018-10-01,6.17122066622
Manufactura,2018-11-01,12.1817250473
Manufactura,2018-12-01,12.4484367857
Manufactura,2019-01-01,-5.09553218723
Manufactura,2019-02-01,-0.99235993558
Manufactura,2019-03-01,4.25788856508
Manufactura,2019-04-01,-13.53027841355
Manufactura,2019-05-01,-6.31341728113
Manufactura,2019-06-01,1.29151015715
Manufactura,2019-07-01,8.98245032304
Manufactura,2019-08-01,2.77759230707
Manufactura,2019-09-01,2.39721419715
Manufactura,2019-10-01,1.46345762771
Manufactura,2019-11-01,-1.75976692983
Manufactura,2019-12-01,-5.05153022914
Manufactura,2020-01-01,1.53172693574
Manufactura,2020-02-01,6.96712308271
Manufactura,2020-03-01,-32.86441716747
Manufactura,2020-04-01,-52.98814127357
Manufactura,2020-05-01,-44.15511030773
Manufactura,2020-06-01,-12.11840211899
Manufactura,2020-07-01,-8.20159612724
Manufactura,2020-08-01,-9.98945555545
Manufactura,2020-09-01,-2.53993800916
Manufactura,2020-10-01,-1.57448991891
Manufactura,2020-11-01,-2.56803876263
Manufactura,2020-12-01,9.73828746231
Manufactura,2021-01-01,7.28769221474
Manufactura,2021-02-01,0.43658661314
Manufactura,2021-03-01,49.83898044838
Manufactura,2021-04-01,116.16731296558
Manufactura,2021-05-01,83.25452454126
Manufactura,2021-06-01,19.90317165576
Manufactura,2021-07-01,7.66785371193
Manufactura,2021-08-01,11.86065707706
Manufactura,2021-09-01,8.488122323
Manufactura,2021-10-01,0.65634710888
Manufactura,2021-11-01,5.3489110557
Manufactura,2021-12-01,3.02676383168
Manufactura,2022-01-01,-1.22003635423
Manufactura,2022-02-01,3.23821709977
Manufactura,2022-03-01,4.89020283041
Manufactura,2022-04-01,4.07776769284
Manufactura,2022-05-01,2.7815849251
Manufactura,2022-06-01,6.22348492088
Manufactura,2022-07-01,3.21549556111
Manufactura,2022-08-01,1.58788281145
Manufactura,2022-09-01,1.47108284696
Manufactura,2022-10-01,0.57974359714
Manufactura,2022-11-01,-0.9355118469
Manufactura,2022-12-01,-3.93807391627
Manufactura,2023-01-01,0.75051045169
Manufactura,2023-02-01,-1.23928784978
Manufactura,2023-03-01,0.38992258897
Manufactura,2023-04-01,-3.57003426296
Manufactura,2023-05-01,-15.59749893966
Manufactura,2023-06-01,-14.81241458108
Manufactura,2023-07-01,-13.1719542918
Manufactura,2023-08-01,-3.56001777091
Manufactura,2023-09-01,-8.81386068757
Manufactura,2023-10-01,-4.28379412978
Manufactura,2023-11-01,-1.03719451265
Manufactura,2023-12-01,-12.15670216804
Manufactura,2024-01-01,-4.6814649614
Manufactura,2024-02-01,-4.65406786931
Manufactura,2024-03-01,-10.7046426825
Manufactura,2024-04-01,11.43594698643
Manufactura,2024-05-01,17.40305851931
Manufactura,2024-06-01,0.02363454511
Manufactura,2024-07-01,11.22956716186
Manufactura,2024-08-01,3.15679557594
Manufactura,2024-09-01,3.76840017148
Manufactura,2024-10-01,2.16673723512
Manufactura,2024-11-01,7.07083135791
Manufactura,2024-12-01,11.83794003542
Manufactura,2025-01-01,6.4023768961
Manufactura,2025-02-01,2.38112112059
Manufactura,2025-03-01,4.16625663358
Manufactura,2025-04-01,-3.1791132217
Manufactura,2025-05-01,2.42014719538
Manufactura,2025-06-01,7.90514337664
Manufactura,2025-07-01,3.28531637992
Manufactura,2025-08-01,-0.81804631064
Manufactura,2025-09-01,4.0618720753
Manufactura,2025-10-01,5.80721735858
Manufactura,2025-11-01,-2.13061509308
Manufactura,2025-12-01,5.35682064237
Manufactura,2026-01-01,-1.09831617307
Manufactura,2026-02-01,2.92379411932
Manufactura,2026-03-01,3.59953405002
Electricidad y Agua,2008-01-01,8.55646407672
Electricidad y Agua,2008-02-01,13.25689010514
Electricidad y Agua,2008-03-01,7.94431925102
Electricidad y Agua,2008-04-01,9.69894306247
Electricidad y Agua,2008-05-01,7.23112226759
Electricidad y Agua,2008-06-01,8.91685598065
Electricidad y Agua,2008-07-01,7.66926342224
Electricidad y Agua,2008-08-01,9.1650023112
Electricidad y Agua,2008-09-01,10.07378080896
Electricidad y Agua,2008-10-01,7.67559188811
Electricidad y Agua,2008-11-01,4.46039149342
Electricidad y Agua,2008-12-01,2.89158650989
Electricidad y Agua,2009-01-01,3.18100603752
Electricidad y Agua,2009-02-01,-1.70563349854
Electricidad y Agua,2009-03-01,1.57546470011
Electricidad y Agua,2009-04-01,0.27652892294
Electricidad y Agua,2009-05-01,1.66979795646
Electricidad y Agua,2009-06-01,-1.51788296243
Electricidad y Agua,2009-07-01,-2.23053502576
Electricidad y Agua,2009-08-01,-0.20013182336
Electricidad y Agua,2009-09-01,0.7302984654
Electricidad y Agua,2009-10-01,0.03196874516
Electricidad y Agua,2009-11-01,3.85913740528
Electricidad y Agua,2009-12-01,6.28145457297
Electricidad y Agua,2010-01-01,5.50113214668
Electricidad y Agua,2010-02-01,6.71302766937
Electricidad y Agua,2010-03-01,8.4567583169
Electricidad y Agua,2010-04-01,8.57040539474
Electricidad y Agua,2010-05-01,8.34033302041
Electricidad y Agua,2010-06-01,11.57697225658
Electricidad y Agua,2010-07-01,11.79013797914
Electricidad y Agua,2010-08-01,9.22952840686
Electricidad y Agua,2010-09-01,7.82669954209
Electricidad y Agua,2010-10-01,10.05007489667
Electricidad y Agua,2010-11-01,9.14873768866
Electricidad y Agua,2010-12-01,7.45203343746
Electricidad y Agua,2011-01-01,8.58807353807
Electricidad y Agua,2011-02-01,8.52627769191
Electricidad y Agua,2011-03-01,7.4601487779
Electricidad y Agua,2011-04-01,7.39332748188
Electricidad y Agua,2011-05-01,8.69083777991
Electricidad y Agua,2011-06-01,8.20527943529
Electricidad y Agua,2011-07-01,8.26532175737
Electricidad y Agua,2011-08-01,8.97606200244
Electricidad y Agua,2011-09-01,8.69444288888
Electricidad y Agua,2011-10-01,7.67974059986
Electricidad y Agua,2011-11-01,7.43258440107
Electricidad y Agua,2011-12-01,8.45155653525
Electricidad y Agua,2012-01-01,6.75127347719
Electricidad y Agua,2012-02-01,8.39921804323
Electricidad y Agua,2012-03-01,6.89870093607
Electricidad y Agua,2012-04-01,6.32074309422
Electricidad y Agua,2012-05-01,6.46155860198
Electricidad y Agua,2012-06-01,5.71671045074
Electricidad y Agua,2012-07-01,6.52735860317
Electricidad y Agua,2012-08-01,6.13761506452
Electricidad y Agua,2012-09-01,4.43853288842
Electricidad y Agua,2012-10-01,3.9265322195
Electricidad y Agua,2012-11-01,5.36748191607
Electricidad y Agua,2012-12-01,3.87194396383
Electricidad y Agua,2013-01-01,4.84777476161
Electricidad y Agua,2013-02-01,2.26591674358
Electricidad y Agua,2013-03-01,2.04424639793
Electricidad y Agua,2013-04-01,3.78819654687
Electricidad y Agua,2013-05-01,3.12825646564
Electricidad y Agua,2013-06-01,3.45270941667
Electricidad y Agua,2013-07-01,3.98862906982
Electricidad y Agua,2013-08-01,2.47291217843
Electricidad y Agua,2013-09-01,3.51338196313
Electricidad y Agua,2013-10-01,4.74724302019
Electricidad y Agua,2013-11-01,2.76813033976
Electricidad y Agua,2013-12-01,3.56258795008
Electricidad y Agua,2014-01-01,3.84523411704
Electricidad y Agua,2014-02-01,5.36650389424
Electricidad y Agua,2014-03-01,5.72541706091
Electricidad y Agua,2014-04-01,4.78448885884
Electricidad y Agua,2014-05-01,5.16847611739
Electricidad y Agua,2014-06-01,5.19397768602
Electricidad y Agua,2014-07-01,4.90018009143
Electricidad y Agua,2014-08-01,4.96265986078
Electricidad y Agua,2014-09-01,5.75156712174
Electricidad y Agua,2014-10-01,5.60405622295
Electricidad y Agua,2014-11-01,5.44065332385
Electricidad y Agua,2014-12-01,5.1855372988
Electricidad y Agua,2015-01-01,5.38621981516
Electricidad y Agua,2015-02-01,4.35936183839
Electricidad y Agua,2015-03-01,5.90131662382
Electricidad y Agua,2015-04-01,5.7557821945
Electricidad y Agua,2015-05-01,5.5604330434
Electricidad y Agua,2015-06-01,5.77248888263
Electricidad y Agua,2015-07-01,5.70091195222
Electricidad y Agua,2015-08-01,6.9629481262
Electricidad y Agua,2015-09-01,7.10856476752
Electricidad y Agua,2015-10-01,7.56767181329
Electricidad y Agua,2015-11-01,7.77933919697
Electricidad y Agua,2015-12-01,10.48082470945
Electricidad y Agua,2016-01-01,9.1329803625
Electricidad y Agua,2016-02-01,14.88432272946
Electricidad y Agua,2016-03-01,9.07524716097
Electricidad y Agua,2016-04-01,9.76543542734
Electricidad y Agua,2016-05-01,7.59079179645
Electricidad y Agua,2016-06-01,6.21241007832
Electricidad y Agua,2016-07-01,7.1010623899
Electricidad y Agua,2016-08-01,7.31447722066
Electricidad y Agua,2016-09-01,7.01012305302
Electricidad y Agua,2016-10-01,5.92408945071
Electricidad y Agua,2016-11-01,5.918619828
Electricidad y Agua,2016-12-01,4.86740689669
Electricidad y Agua,2017-01-01,5.86066247061
Electricidad y Agua,2017-02-01,-1.97472811142
Electricidad y Agua,2017-03-01,-0.70439931431
Electricidad y Agua,2017-04-01,-1.11424537961
Electricidad y Agua,2017-05-01,2.48800790429
Electricidad y Agua,2017-06-01,2.81501984514
Electricidad y Agua,2017-07-01,1.11119752174
Electricidad y Agua,2017-08-01,1.57211683421
Electricidad y Agua,2017-09-01,1.44545943041
Electricidad y Agua,2017-10-01,0.74739510637
Electricidad y Agua,2017-11-01,0.00873770938
Electricidad y Agua,2017-12-01,-0.82943271807
Electricidad y Agua,2018-01-01,-7.274429e-4
Electricidad y Agua,2018-02-01,2.05101705266
Electricidad y Agua,2018-03-01,4.66623444505
Electricidad y Agua,2018-04-01,6.52705093024
Electricidad y Agua,2018-05-01,4.47109597047
Electricidad y Agua,2018-06-01,4.34101986643
Electricidad y Agua,2018-07-01,4.76090364743
Electricidad y Agua,2018-08-01,3.57381058248
Electricidad y Agua,2018-09-01,4.15793002678
Electricidad y Agua,2018-10-01,5.45661985958
Electricidad y Agua,2018-11-01,6.89666248664
Electricidad y Agua,2018-12-01,7.8664776733
Electricidad y Agua,2019-01-01,5.88166115221
Electricidad y Agua,2019-02-01,6.22851250648
Electricidad y Agua,2019-03-01,7.35187137016
Electricidad y Agua,2019-04-01,4.37094626519
Electricidad y Agua,2019-05-01,4.82015128043
Electricidad y Agua,2019-06-01,4.00627987231
Electricidad y Agua,2019-07-01,4.63790744743
Electricidad y Agua,2019-08-01,4.45081347416
Electricidad y Agua,2019-09-01,3.16736188375
Electricidad y Agua,2019-10-01,3.03642040037
Electricidad y Agua,2019-11-01,2.60534795867
Electricidad y Agua,2019-12-01,2.01755774034
Electricidad y Agua,2020-01-01,1.49820282075
Electricidad y Agua,2020-02-01,4.88805632903
Electricidad y Agua,2020-03-01,-12.05755762528
Electricidad y Agua,2020-04-01,-25.81994729855
Electricidad y Agua,2020-05-01,-22.09502153568
Electricidad y Agua,2020-06-01,-11.06786501157
Electricidad y Agua,2020-07-01,-5.49300452332
Electricidad y Agua,2020-08-01,-3.05592725184
Electricidad y Agua,2020-09-01,-2.16685361986
Electricidad y Agua,2020-10-01,-0.39565597661
Electricidad y Agua,2020-11-01,-0.63725828992
Electricidad y Agua,2020-12-01,-0.43026270978
Electricidad y Agua,2021-01-01,-0.07400747069
Electricidad y Agua,2021-02-01,-4.49193366566
Electricidad y Agua,2021-03-01,14.30060958087
Electricidad y Agua,2021-04-01,34.41782314758
Electricidad y Agua,2021-05-01,28.99004921234
Electricidad y Agua,2021-06-01,15.61028096461
Electricidad y Agua,2021-07-01,7.42706817529
Electricidad y Agua,2021-08-01,6.53299801749
Electricidad y Agua,2021-09-01,6.4624153288
Electricidad y Agua,2021-10-01,3.83106299226
Electricidad y Agua,2021-11-01,3.57691486966
Electricidad y Agua,2021-12-01,2.90564772577
Electricidad y Agua,2022-01-01,3.57226322367
Electricidad y Agua,2022-02-01,4.47109103965
Electricidad y Agua,2022-03-01,2.90953023001
Electricidad y Agua,2022-04-01,2.8307949929
Electricidad y Agua,2022-05-01,2.02471371783
Electricidad y Agua,2022-06-01,3.03522442512
Electricidad y Agua,2022-07-01,4.82126854755
Electricidad y Agua,2022-08-01,3.27019806603
Electricidad y Agua,2022-09-01,4.4312571639
Electricidad y Agua,2022-10-01,4.02196129885
Electricidad y Agua,2022-11-01,5.43447949308
Electricidad y Agua,2022-12-01,5.60848441369
Electricidad y Agua,2023-01-01,3.00747126061
Electricidad y Agua,2023-02-01,3.82486380333
Electricidad y Agua,2023-03-01,6.1949361232
Electricidad y Agua,2023-04-01,7.05332568807
Electricidad y Agua,2023-05-01,5.50924139066
Electricidad y Agua,2023-06-01,4.21311016367
Electricidad y Agua,2023-07-01,2.15025641984
Electricidad y Agua,2023-08-01,3.65370888565
Electricidad y Agua,2023-09-01,2.74673045124
Electricidad y Agua,2023-10-01,2.49454873851
Electricidad y Agua,2023-11-01,0.59159971586
Electricidad y Agua,2023-12-01,1.02749686308
Electricidad y Agua,2024-01-01,3.97207536308
Electricidad y Agua,2024-02-01,8.0017912161999991
Electricidad y Agua,2024-03-01,0.13732110846
Electricidad y Agua,2024-04-01,2.62226769005
Electricidad y Agua,2024-05-01,1.64624324256
Electricidad y Agua,2024-06-01,0.01094283937
Electricidad y Agua,2024-07-01,2.95449973591
Electricidad y Agua,2024-08-01,2.12018986018
Electricidad y Agua,2024-09-01,1.22896590007
Electricidad y Agua,2024-10-01,1.9627233257
Electricidad y Agua,2024-11-01,3.25322875952
Electricidad y Agua,2024-12-01,1.91883777837
Electricidad y Agua,2025-01-01,1.11795641151
Electricidad y Agua,2025-02-01,-1.47398139561
Electricidad y Agua,2025-03-01,4.20730331253
Electricidad y Agua,2025-04-01,1.93040802352
Electricidad y Agua,2025-05-01,1.71914540552
Electricidad y Agua,2025-06-01,3.02920985094
Electricidad y Agua,2025-07-01,2.12357794254
Electricidad y Agua,2025-08-01,1.0405677667
Electricidad y Agua,2025-09-01,2.73000873552
Electricidad y Agua,2025-10-01,3.67130660213
Electricidad y Agua,2025-11-01,1.06164152189
Electricidad y Agua,2025-12-01,2.66028974571
Electricidad y Agua,2026-01-01,4.34880638073
Electricidad y Agua,2026-02-01,3.32294644865
Electricidad y Agua,2026-03-01,1.3275700269
Construcción,2008-01-01,20.97931359865
Construcción,2008-02-01,25.42815077434
Construcción,2008-03-01,16.50394460622
Construcción,2008-04-01,42.42929514909
Construcción,2008-05-01,17.50631832103
Construcción,2008-06-01,22.37767942895
Construcción,2008-07-01,20.80984211333
Construcción,2008-08-01,13.32725872707
Construcción,2008-09-01,25.46162593312
Construcción,2008-10-01,22.41993002129
Construcción,2008-11-01,8.67224911718
Construcción,2008-12-01,-9.25252258457
Construcción,2009-01-01,-0.32088904915
Construcción,2009-02-01,3.03002975922
Construcción,2009-03-01,14.174133983760001
Construcción,2009-04-01,0.46548069246
Construcción,2009-05-01,-3.10294695686
Construcción,2009-06-01,-0.7098199906
Construcción,2009-07-01,8.0554085109
Construcción,2009-08-01,4.71353541335
Construcción,2009-09-01,0.69396697096
Construcción,2009-10-01,6.67236428766
Construcción,2009-11-01,9.99121943753
Construcción,2009-12-01,28.7235972329
Construcción,2010-01-01,3.07071883248
Construcción,2010-02-01,11.14280589733
Construcción,2010-03-01,13.5808259313
Construcción,2010-04-01,20.10134283131
Construcción,2010-05-01,19.81853044585
Construcción,2010-06-01,27.45935259307
Construcción,2010-07-01,9.25883189227
Construcción,2010-08-01,17.43198041312
Construcción,2010-09-01,27.64685484743
Construcción,2010-10-01,14.94228327993
Construcción,2010-11-01,27.0445051766
Construcción,2010-12-01,11.15467462514
Construcción,2011-01-01,12.4296840461
Construcción,2011-02-01,5.52665824922
Construcción,2011-03-01,2.69387755102
Construcción,2011-04-01,-4.54302186844
Construcción,2011-05-01,0.36114580134
Construcción,2011-06-01,-6.82121039376
Construcción,2011-07-01,4.46688533477
Construcción,2011-08-01,-0.32409215533
Construcción,2011-09-01,-5.25855758121
Construcción,2011-10-01,8.78529650745
Construcción,2011-11-01,1.54636040772
Construcción,2011-12-01,20.78509417671
Construcción,2012-01-01,15.61495800154
Construcción,2012-02-01,15.11658136472
Construcción,2012-03-01,21.14140059556
Construcción,2012-04-01,15.24148702332
Construcción,2012-05-01,20.50252249807
Construcción,2012-06-01,22.12674994417
Construcción,2012-07-01,17.55799151917
Construcción,2012-08-01,23.05099026624
Construcción,2012-09-01,18.79145646542
Construcción,2012-10-01,16.11936146423
Construcción,2012-11-01,15.43478251637
Construcción,2012-12-01,1.12304280674
Construcción,2013-01-01,17.17019373171
Construcción,2013-02-01,11.97914452597
Construcción,2013-03-01,5.81366127306
Construcción,2013-04-01,32.2562109392
Construcción,2013-05-01,9.79550255796
Construcción,2013-06-01,4.97794546315
Construcción,2013-07-01,20.70917461248
Construcción,2013-08-01,7.78002031854
Construcción,2013-09-01,-0.95268808272
Construcción,2013-10-01,6.34341674531
Construcción,2013-11-01,2.71705438193
Construcción,2013-12-01,4.55103490721
Construcción,2014-01-01,3.8378404841
Construcción,2014-02-01,7.97469796046
Construcción,2014-03-01,2.27440364844
Construcción,2014-04-01,-5.54762570013
Construcción,2014-05-01,5.03624424212
Construcción,2014-06-01,3.15148466956
Construcción,2014-07-01,-2.95217526072
Construcción,2014-08-01,-3.93178974181
Construcción,2014-09-01,7.29856721191
Construcción,2014-10-01,-3.9224991327
Construcción,2014-11-01,3.57796413654
Construcción,2014-12-01,6.80111012892
Construcción,2015-01-01,-2.73758822692
Construcción,2015-02-01,-9.39397748258
Construcción,2015-03-01,-7.21510221679
Construcción,2015-04-01,-9.52176091846
Construcción,2015-05-01,-13.41289179912
Construcción,2015-06-01,-3.33890614816
Construcción,2015-07-01,-6.57534226413
Construcción,2015-08-01,-7.60919664259
Construcción,2015-09-01,-4.52061910975
Construcción,2015-10-01,0.19091310505
Construcción,2015-11-01,-5.73370740784
Construcción,2015-12-01,1.39991912232
Construcción,2016-01-01,-1.63707992142
Construcción,2016-02-01,6.42574566705
Construcción,2016-03-01,4.26429812546
Construcción,2016-04-01,2.32145741519
Construcción,2016-05-01,6.46524535516
Construcción,2016-06-01,-3.19497603308
Construcción,2016-07-01,-7.67771955585
Construcción,2016-08-01,1.51746967146
Construcción,2016-09-01,-3.63101287917
Construcción,2016-10-01,-16.41836516022
Construcción,2016-11-01,-8.46067101646
Construcción,2016-12-01,-3.87390289657
Construcción,2017-01-01,-4.96276359299
Construcción,2017-02-01,-6.77319380891
Construcción,2017-03-01,-3.70368139831
Construcción,2017-04-01,-8.12667938296
Construcción,2017-05-01,-3.69830262858
Construcción,2017-06-01,3.61623606222
Construcción,2017-07-01,4.1081291854
Construcción,2017-08-01,4.9652558641
Construcción,2017-09-01,9.32424900194
Construcción,2017-10-01,16.50629927
Construcción,2017-11-01,5.62232499239
Construcción,2017-12-01,6.86110228075
Construcción,2018-01-01,7.7605916124
Construcción,2018-02-01,6.52649610757
Construcción,2018-03-01,0.0063434316
Construcción,2018-04-01,9.94662861049
Construcción,2018-05-01,9.4955026164
Construcción,2018-06-01,2.03884745422
Construcción,2018-07-01,4.97068810223
Construcción,2018-08-01,0.58857700275
Construcción,2018-09-01,-1.77581202468
Construcción,2018-10-01,9.24959230305
Construcción,2018-11-01,11.83977933044
Construcción,2018-12-01,5.28674286924
Construcción,2019-01-01,-0.17240289882
Construcción,2019-02-01,0.78136473111
Construcción,2019-03-01,6.46618227365
Construcción,2019-04-01,9.43362312768
Construcción,2019-05-01,-0.08268897946
Construcción,2019-06-01,13.56647814294
Construcción,2019-07-01,0.61367751325
Construcción,2019-08-01,5.04274475497
Construcción,2019-09-01,4.67754598809
Construcción,2019-10-01,1.77241899315
Construcción,2019-11-01,-3.80796196041
Construcción,2019-12-01,-10.73611368847
Construcción,2020-01-01,4.90918731373
Construcción,2020-02-01,4.69865220666
Construcción,2020-03-01,-45.55563713716
Construcción,2020-04-01,-90.28273211872
Construcción,2020-05-01,-66.86161554052
Construcción,2020-06-01,-44.03928167678
Construcción,2020-07-01,-14.25531733277
Construcción,2020-08-01,-7.88288171473
Construcción,2020-09-01,2.53492296735
Construcción,2020-10-01,12.33900282153
Construcción,2020-11-01,16.39806448427
Construcción,2020-12-01,24.14230341072
Construcción,2021-01-01,14.90437050685
Construcción,2021-02-01,13.86227839204
Construcción,2021-03-01,132.80077925721
Construcción,2021-04-01,985.88804047186
Construcción,2021-05-01,257.51858011927
Construcción,2021-06-01,90.3283503319
Construcción,2021-07-01,36.7812409499
Construcción,2021-08-01,25.52432660694
Construcción,2021-09-01,13.3835926437
Construcción,2021-10-01,-1.67684141735
Construcción,2021-11-01,-5.29503625953
Construcción,2021-12-01,-6.85746623298
Construcción,2022-01-01,-0.55509106111
Construcción,2022-02-01,-2.60834655619
Construcción,2022-03-01,1.04203010331
Construcción,2022-04-01,4.4185716582
Construcción,2022-05-01,-0.35561497606
Construcción,2022-06-01,4.51870295965
Construcción,2022-07-01,1.88883919178
Construcción,2022-08-01,4.11088160029
Construcción,2022-09-01,2.72577886953
Construcción,2022-10-01,3.66617839484
Construcción,2022-11-01,6.74180274109
Construcción,2022-12-01,3.46893542944
Construcción,2023-01-01,-12.20990330482
Construcción,2023-02-01,-10.30071888101
Construcción,2023-03-01,-12.67575872041
Construcción,2023-04-01,-5.49129603691
Construcción,2023-05-01,-10.82313626895
Construcción,2023-06-01,-6.15183139771
Construcción,2023-07-01,-8.99053233419
Construcción,2023-08-01,-9.51586382503
Construcción,2023-09-01,-8.6126884144999991
Construcción,2023-10-01,-7.55807800217
Construcción,2023-11-01,-6.42176564086
Construcción,2023-12-01,-2.23477590584
Construcción,2024-01-01,13.85254627563
Construcción,2024-02-01,6.90771063181
Construcción,2024-03-01,-2.75525015447
Construcción,2024-04-01,8.10336212592
Construcción,2024-05-01,6.37176524227
Construcción,2024-06-01,-2.19444089876
Construcción,2024-07-01,7.78139221593
Construcción,2024-08-01,4.97305478322
Construcción,2024-09-01,1.99536776794
Construcción,2024-10-01,6.51789479535
Construcción,2024-11-01,-1.20489838695
Construcción,2024-12-01,-0.94416644116
Construcción,2025-01-01,4.90144327182
Construcción,2025-02-01,6.20023271936
Construcción,2025-03-01,5.63457060275
Construcción,2025-04-01,-1.30525489492
Construcción,2025-05-01,6.43349186156
Construcción,2025-06-01,9.66050462549
Construcción,2025-07-01,5.51398265181
Construcción,2025-08-01,3.64244418496
Construcción,2025-09-01,10.32615883595
Construcción,2025-10-01,4.58190080692
Construcción,2025-11-01,9.91609258119
Construcción,2025-12-01,12.013062332
Construcción,2026-01-01,15.48922422559
Construcción,2026-02-01,8.6676389634
Construcción,2026-03-01,15.64886346496
Comercio,2008-01-01,13.00710425521
Comercio,2008-02-01,13.50887433546
Comercio,2008-03-01,7.28270588265
Comercio,2008-04-01,19.18236384256
Comercio,2008-05-01,9.5249763767
Comercio,2008-06-01,11.85310498983
Comercio,2008-07-01,10.96188797426
Comercio,2008-08-01,12.80955290112
Comercio,2008-09-01,15.05071487455
Comercio,2008-10-01,7.3170923492
Comercio,2008-11-01,4.35297461863
Comercio,2008-12-01,5.63550694731
Comercio,2009-01-01,-0.88390652736
Comercio,2009-02-01,-4.2049762364
Comercio,2009-03-01,-2.77554196089
Comercio,2009-04-01,-3.12182592123
Comercio,2009-05-01,-1.8862450028
Comercio,2009-06-01,-2.31433941505
Comercio,2009-07-01,-2.98844696257
Comercio,2009-08-01,-0.9960053889
Comercio,2009-09-01,-0.43578568788
Comercio,2009-10-01,1.99308390583
Comercio,2009-11-01,3.95237182494
Comercio,2009-12-01,3.82941912277
Comercio,2010-01-01,5.39330609161
Comercio,2010-02-01,8.64278406424
Comercio,2010-03-01,11.85610769655
Comercio,2010-04-01,13.01874395591
Comercio,2010-05-01,13.54132298836
Comercio,2010-06-01,13.58453997461
Comercio,2010-07-01,11.90864330604
Comercio,2010-08-01,12.13063350174
Comercio,2010-09-01,14.14342168461
Comercio,2010-10-01,10.88430572157
Comercio,2010-11-01,13.47189271939
Comercio,2010-12-01,13.07494300075
Comercio,2011-01-01,11.17998530779
Comercio,2011-02-01,11.26456508572
Comercio,2011-03-01,9.33199177162
Comercio,2011-04-01,9.02883804325
Comercio,2011-05-01,8.43162980673
Comercio,2011-06-01,7.91433848028
Comercio,2011-07-01,7.93714338643
Comercio,2011-08-01,7.74573306635
Comercio,2011-09-01,8.67554201133
Comercio,2011-10-01,8.35240090893
Comercio,2011-11-01,7.12943271926
Comercio,2011-12-01,7.57258571505
Comercio,2012-01-01,8.63858446839
Comercio,2012-02-01,11.07076495068
Comercio,2012-03-01,8.82382997559
Comercio,2012-04-01,7.81138140906
Comercio,2012-05-01,8.23020471761
Comercio,2012-06-01,8.99755437034
Comercio,2012-07-01,8.7605710993
Comercio,2012-08-01,8.43274844415
Comercio,2012-09-01,7.55547456654
Comercio,2012-10-01,7.45752559851
Comercio,2012-11-01,7.55355900609
Comercio,2012-12-01,8.4237447791
Comercio,2013-01-01,6.04399648151
Comercio,2013-02-01,6.07453682782
Comercio,2013-03-01,4.3652109219
Comercio,2013-04-01,7.28235500964
Comercio,2013-05-01,5.97093946703
Comercio,2013-06-01,4.05645823125
Comercio,2013-07-01,3.34487330476
Comercio,2013-08-01,4.16945885533
Comercio,2013-09-01,3.93751492563
Comercio,2013-10-01,4.46527653622
Comercio,2013-11-01,4.65726657347
Comercio,2013-12-01,4.89723328146
Comercio,2014-01-01,2.35005275918
Comercio,2014-02-01,2.80054723839
Comercio,2014-03-01,2.99457398446
Comercio,2014-04-01,0.93456118906
Comercio,2014-05-01,1.58475226339
Comercio,2014-06-01,2.8327469853
Comercio,2014-07-01,1.57440630718
Comercio,2014-08-01,0.6579016725
Comercio,2014-09-01,1.99699593285
Comercio,2014-10-01,1.73374796551
Comercio,2014-11-01,1.50884828315
Comercio,2014-12-01,2.38781538024
Comercio,2015-01-01,1.64220554503
Comercio,2015-02-01,1.6300800096
Comercio,2015-03-01,2.40505559299
Comercio,2015-04-01,2.2003049952
Comercio,2015-05-01,2.61159968554
Comercio,2015-06-01,3.1505713252
Comercio,2015-07-01,3.58839081766
Comercio,2015-08-01,3.49807894812
Comercio,2015-09-01,3.79641459446
Comercio,2015-10-01,3.92648787546
Comercio,2015-11-01,4.24486432276
Comercio,2015-12-01,3.913482765
Comercio,2016-01-01,3.08903439356
Comercio,2016-02-01,4.10215962072
Comercio,2016-03-01,3.20612554338
Comercio,2016-04-01,4.08780910714
Comercio,2016-05-01,3.36059452557
Comercio,2016-06-01,2.66866517642
Comercio,2016-07-01,2.37985909414
Comercio,2016-08-01,2.99155367688
Comercio,2016-09-01,2.44130920097
Comercio,2016-10-01,1.80689732214
Comercio,2016-11-01,1.45594584857
Comercio,2016-12-01,2.22849076605
Comercio,2017-01-01,1.67983545145
Comercio,2017-02-01,0.76397107042
Comercio,2017-03-01,-0.28805361839
Comercio,2017-04-01,-0.1826749553
Comercio,2017-05-01,1.81299023947
Comercio,2017-06-01,1.95811968083
Comercio,2017-07-01,1.38767474203
Comercio,2017-08-01,1.37813733913
Comercio,2017-09-01,1.72982006583
Comercio,2017-10-01,1.47738101206
Comercio,2017-11-01,1.85992777698
Comercio,2017-12-01,2.07431809642
Comercio,2018-01-01,2.56983644135
Comercio,2018-02-01,2.76610804441
Comercio,2018-03-01,3.35899832783
Comercio,2018-04-01,5.11567984656
Comercio,2018-05-01,3.42771913553
Comercio,2018-06-01,1.69244159004
Comercio,2018-07-01,2.65551604812
Comercio,2018-08-01,2.40139899184
Comercio,2018-09-01,1.15621812775
Comercio,2018-10-01,2.1476908777
Comercio,2018-11-01,1.79825736591
Comercio,2018-12-01,1.71784030916
Comercio,2019-01-01,1.41250369817
Comercio,2019-02-01,0.5733096975
Comercio,2019-03-01,1.70707249298
Comercio,2019-04-01,1.64986196846
Comercio,2019-05-01,1.07655757787
Comercio,2019-06-01,1.59566574085
Comercio,2019-07-01,2.26238616161
Comercio,2019-08-01,2.4997469267
Comercio,2019-09-01,3.18016004248
Comercio,2019-10-01,3.73782833882
Comercio,2019-11-01,4.21243171316
Comercio,2019-12-01,5.01584719733
Comercio,2020-01-01,4.77651822378
Comercio,2020-02-01,5.21352101525
Comercio,2020-03-01,-22.85166384708
Comercio,2020-04-01,-62.32797572293
Comercio,2020-05-01,-47.72990667552
Comercio,2020-06-01,-25.0934520608
Comercio,2020-07-01,-6.98475883267
Comercio,2020-08-01,-4.16813703469
Comercio,2020-09-01,-2.75237991245
Comercio,2020-10-01,-0.6541502949
Comercio,2020-11-01,0.29967935214
Comercio,2020-12-01,0.58885678835
Comercio,2021-01-01,1.35820518648
Comercio,2021-02-01,-4.78852023711
Comercio,2021-03-01,12.95948410546
Comercio,2021-04-01,158.2437970123
Comercio,2021-05-01,103.17401449542
Comercio,2021-06-01,36.98561180551
Comercio,2021-07-01,12.06233738627
Comercio,2021-08-01,8.56856789761
Comercio,2021-09-01,5.93836981459
Comercio,2021-10-01,3.72699003472
Comercio,2021-11-01,2.51233348639
Comercio,2021-12-01,1.57289156604
Comercio,2022-01-01,1.49722174659
Comercio,2022-02-01,6.85732529713
Comercio,2022-03-01,7.68234345109
Comercio,2022-04-01,2.41044237334
Comercio,2022-05-01,2.78256105927
Comercio,2022-06-01,2.53964443421
Comercio,2022-07-01,3.00229883346
Comercio,2022-08-01,2.46524714981
Comercio,2022-09-01,2.27557497369
Comercio,2022-10-01,2.94404552439
Comercio,2022-11-01,3.10790236607
Comercio,2022-12-01,1.81773864648
Comercio,2023-01-01,1.11740938489
Comercio,2023-02-01,2.12815586685
Comercio,2023-03-01,2.60296003424
Comercio,2023-04-01,2.74031958913
Comercio,2023-05-01,2.64988010801
Comercio,2023-06-01,2.50810625952
Comercio,2023-07-01,2.44003735757
Comercio,2023-08-01,2.25620651672
Comercio,2023-09-01,1.34675440028
Comercio,2023-10-01,0.8556709917
Comercio,2023-11-01,0.85435042007
Comercio,2023-12-01,1.63239134768
Comercio,2024-01-01,2.11927108571
Comercio,2024-02-01,2.85560340353
Comercio,2024-03-01,1.74127664812
Comercio,2024-04-01,3.08159144705
Comercio,2024-05-01,2.12449785632
Comercio,2024-06-01,2.39917109092
Comercio,2024-07-01,3.52713397846
Comercio,2024-08-01,3.04823841013
Comercio,2024-09-01,3.66324617188
Comercio,2024-10-01,4.04294663014
Comercio,2024-11-01,3.66756499475
Comercio,2024-12-01,3.83315692855
Comercio,2025-01-01,3.15917725457
Comercio,2025-02-01,3.08655470616
Comercio,2025-03-01,3.90152641353
Comercio,2025-04-01,2.82503685796
Comercio,2025-05-01,3.10417508357
Comercio,2025-06-01,3.14135268777
Comercio,2025-07-01,2.71840769316
Comercio,2025-08-01,3.78284368707
Comercio,2025-09-01,3.95434477368
Comercio,2025-10-01,4.09292679613
Comercio,2025-11-01,4.17270433602
Comercio,2025-12-01,4.88712490818
Comercio,2026-01-01,4.33149858541
Comercio,2026-02-01,6.0641012335
Comercio,2026-03-01,4.13489806366
Otros Servicios,2008-01-01,9.44349406366
Otros Servicios,2008-02-01,9.25974516335
Otros Servicios,2008-03-01,7.32954431525
Otros Servicios,2008-04-01,7.83391031194
Otros Servicios,2008-05-01,7.22442610551
Otros Servicios,2008-06-01,7.66753270553
Otros Servicios,2008-07-01,6.8299740071
Otros Servicios,2008-08-01,7.50313919837
Otros Servicios,2008-09-01,7.71657634883
Otros Servicios,2008-10-01,7.92114373978
Otros Servicios,2008-11-01,6.51656589451
Otros Servicios,2008-12-01,7.28108076764
Otros Servicios,2009-01-01,5.91501174681
Otros Servicios,2009-02-01,5.15840781913
Otros Servicios,2009-03-01,6.71660874655
Otros Servicios,2009-04-01,5.00893596929
Otros Servicios,2009-05-01,4.42263087855
Otros Servicios,2009-06-01,4.33680741175
Otros Servicios,2009-07-01,3.61843389382
Otros Servicios,2009-08-01,4.27789746118
Otros Servicios,2009-09-01,3.74711135444
Otros Servicios,2009-10-01,3.86061444079
Otros Servicios,2009-11-01,4.51210710762
Otros Servicios,2009-12-01,5.4314729056
Otros Servicios,2010-01-01,4.74496979877
Otros Servicios,2010-02-01,4.46434088582
Otros Servicios,2010-03-01,6.44259553024
Otros Servicios,2010-04-01,7.17445625798
Otros Servicios,2010-05-01,8.61088990142
Otros Servicios,2010-06-01,8.7490862004
Otros Servicios,2010-07-01,8.43044974667
Otros Servicios,2010-08-01,8.73190074346
Otros Servicios,2010-09-01,8.60301127264
Otros Servicios,2010-10-01,8.61711236613
Otros Servicios,2010-11-01,8.67220068283
Otros Servicios,2010-12-01,8.71602274745
Otros Servicios,2011-01-01,9.65374030802
Otros Servicios,2011-02-01,9.61730705362
Otros Servicios,2011-03-01,8.75995046447
Otros Servicios,2011-04-01,7.86429366433
Otros Servicios,2011-05-01,7.87275686228
Otros Servicios,2011-06-01,7.00425938304
Otros Servicios,2011-07-01,6.48074986618
Otros Servicios,2011-08-01,6.58705639417
Otros Servicios,2011-09-01,6.22917842482
Otros Servicios,2011-10-01,6.00388368392
Otros Servicios,2011-11-01,6.51109093087
Otros Servicios,2011-12-01,7.20609930694
Otros Servicios,2012-01-01,7.70652507759
Otros Servicios,2012-02-01,7.78741063482
Otros Servicios,2012-03-01,7.0389879249
Otros Servicios,2012-04-01,6.78968842206
Otros Servicios,2012-05-01,6.48039614178
Otros Servicios,2012-06-01,6.91502710448
Otros Servicios,2012-07-01,7.49961228118
Otros Servicios,2012-08-01,7.52609368676
Otros Servicios,2012-09-01,6.97437660341
Otros Servicios,2012-10-01,8.11877355531
Otros Servicios,2012-11-01,7.61218250349
Otros Servicios,2012-12-01,7.3559858107
Otros Servicios,2013-01-01,6.96431564844
Otros Servicios,2013-02-01,6.66867231529
Otros Servicios,2013-03-01,5.16439364776
Otros Servicios,2013-04-01,7.02730536114
Otros Servicios,2013-05-01,5.87310307307
Otros Servicios,2013-06-01,5.96424302038
Otros Servicios,2013-07-01,5.87352969155
Otros Servicios,2013-08-01,5.9740396624
Otros Servicios,2013-09-01,6.11692283113
Otros Servicios,2013-10-01,6.25093353672
Otros Servicios,2013-11-01,5.76164883715
Otros Servicios,2013-12-01,5.77785507934
Otros Servicios,2014-01-01,6.23213044924
Otros Servicios,2014-02-01,5.81055323875
Otros Servicios,2014-03-01,6.18393556256
Otros Servicios,2014-04-01,5.57989031262
Otros Servicios,2014-05-01,5.17855687449
Otros Servicios,2014-06-01,5.17701239783
Otros Servicios,2014-07-01,4.92942951344
Otros Servicios,2014-08-01,5.01140378981
Otros Servicios,2014-09-01,5.33401312202
Otros Servicios,2014-10-01,5.60402558901
Otros Servicios,2014-11-01,5.12038381023
Otros Servicios,2014-12-01,5.49285370381
Otros Servicios,2015-01-01,5.46377182934
Otros Servicios,2015-02-01,4.98908365915
Otros Servicios,2015-03-01,6.0553397424
Otros Servicios,2015-04-01,5.37839375328
Otros Servicios,2015-05-01,5.27904140611
Otros Servicios,2015-06-01,5.68361410036
Otros Servicios,2015-07-01,5.23755328609
Otros Servicios,2015-08-01,4.93834316793
Otros Servicios,2015-09-01,4.39464395828
Otros Servicios,2015-10-01,4.74464776714
Otros Servicios,2015-11-01,5.15914656805
Otros Servicios,2015-12-01,5.15332264841
Otros Servicios,2016-01-01,4.94172317045
Otros Servicios,2016-02-01,5.79868242411
Otros Servicios,2016-03-01,4.65672682572
Otros Servicios,2016-04-01,4.87943923151
Otros Servicios,2016-05-01,4.91224147305
Otros Servicios,2016-06-01,4.32609309149
Otros Servicios,2016-07-01,4.52295116725
Otros Servicios,2016-08-01,4.63347805818
Otros Servicios,2016-09-01,4.46142143472
Otros Servicios,2016-10-01,3.34839024527
Otros Servicios,2016-11-01,3.33211459929
Otros Servicios,2016-12-01,3.38134519071
Otros Servicios,2017-01-01,3.7699931543
Otros Servicios,2017-02-01,2.9869148161
Otros Servicios,2017-03-01,2.699135987
Otros Servicios,2017-04-01,2.4940761439
Otros Servicios,2017-05-01,3.39660819116
Otros Servicios,2017-06-01,3.50148382996
Otros Servicios,2017-07-01,3.27303915812
Otros Servicios,2017-08-01,3.4411589697
Otros Servicios,2017-09-01,3.70405559625
Otros Servicios,2017-10-01,3.93368723203
Otros Servicios,2017-11-01,3.75453467156
Otros Servicios,2017-12-01,4.0700282341
Otros Servicios,2018-01-01,4.39601903777
Otros Servicios,2018-02-01,4.12746954921
Otros Servicios,2018-03-01,4.59673510413
Otros Servicios,2018-04-01,5.51533647771
Otros Servicios,2018-05-01,5.3179312877
Otros Servicios,2018-06-01,4.42128003641
Otros Servicios,2018-07-01,4.38474708956
Otros Servicios,2018-08-01,4.41547755337
Otros Servicios,2018-09-01,4.16873204539
Otros Servicios,2018-10-01,4.20000341579
Otros Servicios,2018-11-01,4.59371514693
Otros Servicios,2018-12-01,4.17928892549
Otros Servicios,2019-01-01,4.08164917319
Otros Servicios,2019-02-01,4.26305179285
Otros Servicios,2019-03-01,4.1096872535
Otros Servicios,2019-04-01,3.7518538494499998
Otros Servicios,2019-05-01,4.02476565093
Otros Servicios,2019-06-01,4.07076638397
Otros Servicios,2019-07-01,4.15960881493
Otros Servicios,2019-08-01,4.26305389477
Otros Servicios,2019-09-01,3.82772094428
Otros Servicios,2019-10-01,3.80575290273
Otros Servicios,2019-11-01,4.45450784241
Otros Servicios,2019-12-01,4.59159601455
Otros Servicios,2020-01-01,3.67381209287
Otros Servicios,2020-02-01,3.94287238399
Otros Servicios,2020-03-01,-8.38995275392
Otros Servicios,2020-04-01,-29.00348853684
Otros Servicios,2020-05-01,-23.56064233173
Otros Servicios,2020-06-01,-18.86354364371
Otros Servicios,2020-07-01,-14.37842547488
Otros Servicios,2020-08-01,-10.3225276833
Otros Servicios,2020-09-01,-8.00719801764
Otros Servicios,2020-10-01,-7.02424634836
Otros Servicios,2020-11-01,-5.6424576431
Otros Servicios,2020-12-01,-4.64940683875
Otros Servicios,2021-01-01,-3.8955359713
Otros Servicios,2021-02-01,-7.97601500611
Otros Servicios,2021-03-01,7.49965533996
Otros Servicios,2021-04-01,32.72343479402
Otros Servicios,2021-05-01,27.43367253639
Otros Servicios,2021-06-01,21.26921308093
Otros Servicios,2021-07-01,15.17661784505
Otros Servicios,2021-08-01,12.89772481636
Otros Servicios,2021-09-01,10.405131172879999
Otros Servicios,2021-10-01,8.30369628874
Otros Servicios,2021-11-01,7.47396052933
Otros Servicios,2021-12-01,4.8467083777
Otros Servicios,2022-01-01,4.81275193175
Otros Servicios,2022-02-01,8.08747217615
Otros Servicios,2022-03-01,4.76487583875
Otros Servicios,2022-04-01,5.62465317891
Otros Servicios,2022-05-01,5.08841423241
Otros Servicios,2022-06-01,3.49075964161
Otros Servicios,2022-07-01,3.03245301177
Otros Servicios,2022-08-01,2.32448486607
Otros Servicios,2022-09-01,2.71552082981
Otros Servicios,2022-10-01,3.20226343598
Otros Servicios,2022-11-01,1.90770817745
Otros Servicios,2022-12-01,1.32667790055
Otros Servicios,2023-01-01,0.35443023161
Otros Servicios,2023-02-01,0.52848205945
Otros Servicios,2023-03-01,0.9552774817
Otros Servicios,2023-04-01,1.59741601939
Otros Servicios,2023-05-01,0.535570483
Otros Servicios,2023-06-01,1.2330351161
Otros Servicios,2023-07-01,0.83433935053
Otros Servicios,2023-08-01,0.53945607434
Otros Servicios,2023-09-01,0.08862818148
Otros Servicios,2023-10-01,-0.0427379262
Otros Servicios,2023-11-01,0.7943255272
Otros Servicios,2023-12-01,1.1862415982
Otros Servicios,2024-01-01,1.65729948004
Otros Servicios,2024-02-01,2.16407336823
Otros Servicios,2024-03-01,1.70214475603
Otros Servicios,2024-04-01,3.01967104889
Otros Servicios,2024-05-01,2.86002825192
Otros Servicios,2024-06-01,3.28507848139
Otros Servicios,2024-07-01,3.92759204345
Otros Servicios,2024-08-01,3.40510510835
Otros Servicios,2024-09-01,4.35769252196
Otros Servicios,2024-10-01,3.66911291862
Otros Servicios,2024-11-01,4.00076040345
Otros Servicios,2024-12-01,3.9735026689
Otros Servicios,2025-01-01,3.55606765721
Otros Servicios,2025-02-01,3.22705462454
Otros Servicios,2025-03-01,4.27235941946
Otros Servicios,2025-04-01,2.75243693027
Otros Servicios,2025-05-01,3.18651195971
Otros Servicios,2025-06-01,2.54939967744
Otros Servicios,2025-07-01,2.65605086954
Otros Servicios,2025-08-01,3.7137931269
Otros Servicios,2025-09-01,3.24322247508
Otros Servicios,2025-10-01,2.85177797335
Otros Servicios,2025-11-01,3.03454150387
Otros Servicios,2025-12-01,3.48712243045
Otros Servicios,2026-01-01,3.13847444446
Otros Servicios,2026-02-01,3.37704403043
Otros Servicios,2026-03-01,2.67829515004
